[1]	[1]	1	14267
[1]	[45]	1	12838
[1]	[48]	1	10927
[1]	[48]	2	10813
[1]	[37]	1	10330
[1]	[1]	2	9801
[41]	[32]	2	9550
[1]	[32]	2	9534
[41]	[1]	2	9262
[41]	[37]	2	9238
[1]	[2]	1	9212
[1]	[45]	2	9130
[1]	[17]	1	9046
[1]	[37]	2	8967
[41]	[22]	2	8882
[41]	[45]	2	8576
[41]	[48]	2	8444
[1;16]	[32]	2	7938
[1;16]	[48]	2	7555
[1;16]	[5]	2	7454
[1]	[22]	2	7108
[1]	[41]	2	6992
[1]	[41]	1	6447
[41]	[17]	2	6346
[1;16]	[1]	2	6302
[1]	[17]	2	6279
[1]	[34]	1	6234
[1;16]	[37]	2	6206
[1;16]	[22]	2	6102
[1]	[10]	2	6049
[1]	[46]	1	5353
[41]	[34]	2	5342
[41]	[41]	2	5086
[1]	[34]	2	4976
[1]	[5]	1	4976
[41]	[36]	2	4651
[1;16]	[45]	2	4592
[1]	[36]	2	4464
[1]	[43]	1	4367
[41]	[46]	2	4309
[1]	[40]	2	4281
[41]	[3]	2	4212
[1]	[40]	1	4206
[1]	[42]	2	4171
[1;16]	[17]	2	4146
[1]	[46]	2	4132
[10]	[32]	2	4004
[1]	[19]	1	3932
[41]	[2]	2	3915
[1]	[36]	1	3717
[2]	[32]	2	3715
[2]	[48]	2	3626
[41]	[42]	2	3604
[1;16]	[41]	2	3566
[1]	[24]	1	3536
[10]	[48]	2	3465
[41]	[40]	2	3436
[41]	[5]	2	3313
[41]	[10]	2	3258
[1;16]	[46]	2	3250
[2]	[37]	2	3249
[1]	[43]	2	3240
[2]	[45]	2	3218
[3]	[48]	2	3169
[1;16]	[36]	2	3119
[10]	[37]	2	3088
[10]	[45]	2	3050
[3]	[22]	2	2967
[1]	[32]	1	2931
[10]	[22]	2	2895
[1;16]	[34]	2	2868
[32]	[32]	2	2774
[2;16]	[22]	2	2754
[3]	[32]	2	2745
[1]	[22]	1	2730
[3]	[45]	2	2696
[1;16]	[40]	2	2664
[2]	[22]	2	2638
[1]	[2]	2	2633
[1]	[49]	2	2627
[2;16]	[32]	2	2618
[2;16]	[48]	2	2617
[3]	[37]	2	2536
[41]	[43]	2	2524
[32]	[48]	2	2507
[32]	[37]	2	2440
[41]	[19]	2	2440
[32]	[45]	2	2391
[10]	[36]	2	2363
[3]	[1]	2	2352
[1]	[35]	1	2309
[1;16]	[42]	2	2305
[1]	[19]	2	2300
[2]	[1]	2	2290
[1]	[44]	1	2260
[32]	[1]	2	2245
[2]	[17]	2	2236
[1]	[42]	1	2215
[1]	[24]	2	2208
[10]	[17]	2	2206
[41]	[49]	2	2189
[41]	[24]	2	2186
[1]	[39]	2	2175
[1]	[3]	2	2172
[1]	[49]	1	2153
[10]	[41]	2	2141
[41]	[39]	2	2118
[2]	[41]	2	2085
[2]	[34]	2	2080
[1]	[5]	2	2037
[10]	[34]	2	1993
[3]	[41]	2	1941
[32]	[22]	2	1898
[2;16]	[37]	2	1874
[2]	[10]	2	1820
[3]	[17]	2	1818
[10]	[1]	2	1772
[2]	[36]	2	1748
[32]	[17]	2	1735
[1]	[35]	2	1702
[1;16]	[3]	2	1692
[10]	[42]	2	1690
[3]	[36]	2	1659
[1]	[39]	1	1638
[5]	[48]	2	1611
[2]	[40]	2	1594
[2]	[46]	2	1586
[3]	[42]	2	1541
[1;16]	[10]	2	1492
[1]	[3]	1	1481
[2]	[42]	2	1475
[1;16]	[49]	2	1474
[2;16]	[45]	2	1453
[3]	[48]	1	1428
[5]	[32]	2	1423
[3]	[34]	2	1419
[10]	[46]	2	1411
[5]	[45]	2	1384
[1;16]	[24]	2	1380
[41]	[35]	2	1373
[3]	[37]	1	1346
[1;16]	[39]	2	1325
[1]	[7]	1	1323
[1;16]	[19]	2	1299
[36]	[1]	2	1272
[32]	[34]	2	1270
[36]	[22]	2	1270
[2]	[5]	2	1264
[2]	[43]	2	1262
[1]	[4]	1	1244
[10]	[43]	2	1241
[3]	[45]	1	1227
[1]	[44]	2	1214
[36]	[37]	2	1202
[3]	[40]	2	1199
[3]	[10]	2	1196
[10]	[40]	2	1188
[3]	[46]	2	1179
[11;16]	[22]	2	1177
[36]	[48]	2	1176
[2]	[1]	1	1169
[5]	[37]	2	1166
[32]	[46]	2	1156
[41]	[44]	2	1145
[36]	[45]	2	1135
[2;16]	[17]	2	1102
[3]	[3]	2	1101
[36]	[32]	2	1071
[32]	[42]	2	1064
[2]	[3]	2	1057
[3]	[17]	1	1056
[5]	[17]	2	1018
[2;16]	[41]	2	999
[32]	[41]	2	988
[32]	[10]	2	986
[1;16]	[35]	2	970
[32]	[40]	2	967
[2]	[39]	1	952
[2]	[49]	2	934
[5]	[22]	2	933
[2;16]	[36]	2	920
[2]	[19]	2	916
[5]	[41]	2	903
[3]	[5]	2	875
[3;16]	[22]	2	844
[2;16]	[34]	2	842
[5]	[1]	2	841
[3]	[43]	2	840
[2;16]	[46]	2	837
[36]	[17]	2	836
[32]	[3]	2	834
[32]	[36]	2	833
[3]	[34]	1	818
[2]	[39]	2	816
[3]	[1]	1	814
[36]	[34]	2	807
[2;16]	[42]	2	804
[3;16]	[48]	2	803
[10]	[49]	2	803
[5]	[42]	2	799
[5]	[34]	2	798
[3;16]	[32]	2	788
[10]	[19]	2	770
[2]	[45]	1	768
[10]	[24]	2	766
[32]	[5]	2	764
[10]	[39]	2	753
[32]	[2]	2	753
[11;16]	[32]	2	747
[3]	[49]	2	740
[5]	[37]	1	738
[2]	[37]	1	737
[11;16]	[48]	2	727
[32]	[43]	2	725
[11;16]	[45]	2	723
[3]	[46]	1	722
[2]	[24]	2	718
[5]	[36]	2	718
[32]	[39]	2	717
[4]	[37]	1	709
[3]	[41]	1	706
[3;16]	[37]	2	700
[2]	[2]	2	695
[2]	[43]	1	690
[5;16]	[48]	2	684
[3;16]	[1]	2	665
[3]	[19]	1	659
[3;16]	[5]	2	651
[2]	[2]	1	647
[11;16]	[1]	2	647
[5]	[45]	1	645
[11;16]	[37]	2	645
[3]	[24]	2	643
[3]	[2]	2	643
[13]	[32]	2	642
[2]	[32]	1	641
[1]	[20]	1	641
[3;16]	[45]	2	636
[5]	[48]	1	622
[32]	[37]	1	605
[2]	[41]	1	602
[2;16]	[40]	2	602
[1;16]	[44]	2	596
[36]	[3]	2	593
[5;16]	[37]	2	593
[2]	[35]	2	573
[2;16]	[43]	2	562
[2]	[48]	1	561
[5]	[40]	2	558
[5]	[43]	2	555
[1]	[38]	1	550
[5;16]	[1]	2	550
[5]	[46]	2	547
[5;16]	[32]	2	546
[32]	[1]	1	533
[3]	[24]	1	529
[13]	[37]	2	529
[32]	[24]	2	528
[5]	[17]	1	526
[3]	[19]	2	523
[13]	[48]	2	518
[10]	[35]	2	517
[5;16]	[22]	2	516
[36]	[46]	2	504
[13]	[45]	2	503
[2;16]	[3]	2	501
[11;16]	[17]	2	495
[5;16]	[45]	2	495
[13]	[22]	2	487
[3]	[39]	2	486
[11;16]	[46]	2	482
[32]	[19]	2	470
[36]	[2]	2	469
[5;16]	[41]	2	463
[4]	[48]	2	461
[3]	[36]	1	459
[2]	[44]	2	458
[3]	[35]	2	448
[3;16]	[17]	2	447
[36]	[40]	2	444
[2]	[17]	1	441
[2;16]	[49]	2	423
[5]	[41]	1	418
[4]	[22]	2	416
[13]	[41]	2	415
[1;16]	[2]	2	415
[36]	[43]	2	415
[11;16]	[41]	2	413
[3;16]	[41]	2	409
[2;16]	[39]	2	409
[36]	[35]	2	406
[32]	[49]	2	402
[2;16]	[19]	2	397
[3;16]	[40]	2	396
[1]	[12]	1	394
[32]	[45]	1	391
[3;16]	[36]	2	390
[36]	[39]	2	390
[36]	[10]	2	389
[10]	[44]	2	384
[2;16]	[24]	2	384
[32]	[17]	1	383
[13]	[34]	2	381
[4]	[41]	1	378
[5;16]	[5]	2	378
[3;16]	[3]	2	378
[11;16]	[34]	2	376
[2]	[7]	1	375
[36]	[42]	2	374
[11;16]	[36]	2	373
[11;16]	[42]	2	373
[10]	[3]	2	373
[36]	[41]	2	361
[1]	[18]	1	357
[41]	[20]	2	353
[13]	[17]	2	352
[5]	[36]	1	352
[3;16]	[42]	2	351
[5]	[46]	1	349
[3;16]	[46]	2	347
[3]	[40]	1	347
[5]	[1]	1	345
[5;16]	[17]	2	341
[3;16]	[34]	2	336
[3]	[44]	2	334
[36]	[36]	2	333
[2]	[46]	1	332
[2]	[3]	1	332
[4]	[32]	2	331
[5]	[34]	1	330
[2]	[34]	1	329
[41]	[7]	2	329
[5]	[19]	2	317
[32]	[48]	1	317
[3]	[43]	1	314
[3]	[32]	1	312
[36]	[24]	2	308
[10]	[10]	2	305
[3]	[42]	1	304
[32]	[41]	1	304
[32]	[44]	2	298
[4]	[37]	2	297
[36]	[49]	2	293
[36]	[19]	2	289
[5]	[10]	2	286
[2;16]	[1]	2	286
[5;16]	[34]	2	284
[5]	[3]	2	283
[11;16]	[3]	2	282
[5;16]	[2]	2	282
[5;16]	[36]	2	282
[3]	[49]	1	280
[2]	[5]	1	280
[4]	[45]	2	280
[2]	[42]	1	277
[13]	[36]	2	276
[11]	[48]	2	272
[2]	[19]	1	269
[5]	[24]	2	269
[5;16]	[46]	2	267
[41]	[4]	2	264
[1;16]	[6]	2	264
[3;16]	[2]	2	256
[5]	[44]	2	255
[13]	[43]	2	254
[3;16]	[10]	2	248
[32]	[19]	1	248
[4]	[41]	2	245
[11]	[37]	2	245
[4]	[17]	2	244
[12;16]	[37]	2	242
[4]	[36]	2	241
[13]	[42]	2	241
[5;16]	[40]	2	238
[2;16]	[35]	2	237
[41]	[18]	2	236
[1]	[23]	1	235
[12;16]	[32]	2	232
[4]	[17]	1	229
[4]	[40]	2	228
[13]	[46]	2	228
[11;16]	[39]	2	227
[5]	[32]	1	226
[36]	[5]	2	225
[5]	[43]	1	224
[5;16]	[45]	1	224
[32]	[2]	1	223
[5]	[39]	2	222
[11]	[36]	2	222
[11;16]	[40]	2	220
[1]	[10]	1	219
[5;16]	[42]	2	217
[12;16]	[45]	2	217
[5]	[35]	2	213
[13]	[1]	2	212
[1]	[18]	2	209
[3]	[44]	1	206
[11]	[34]	2	205
[3]	[2]	1	203
[11;16]	[19]	2	201
[1]	[6]	1	201
[1]	[38]	2	200
[5]	[24]	1	198
[2]	[40]	1	198
[13]	[40]	2	198
[41]	[38]	2	197
[4]	[34]	2	196
[12;16]	[1]	2	195
[11;16]	[5]	2	195
[5]	[2]	2	193
[11;16]	[49]	2	193
[4]	[45]	1	192
[3;16]	[39]	2	189
[11]	[45]	2	189
[5]	[40]	1	188
[3;16]	[24]	2	188
[4]	[5]	2	187
[4]	[48]	1	186
[32]	[43]	1	186
[11]	[32]	2	183
[2]	[36]	1	180
[13]	[3]	2	179
[3]	[22]	1	178
[1]	[20]	2	176
[4]	[46]	2	176
[1;16]	[45]	1	175
[11;16]	[2]	2	174
[12;16]	[48]	2	168
[12;16]	[22]	2	167
[3]	[39]	1	167
[5;16]	[39]	2	166
[32]	[40]	1	166
[5]	[49]	2	165
[5;16]	[3]	2	164
[4]	[42]	2	163
[41]	[23]	2	163
[2]	[35]	1	162
[5]	[5]	2	159
[1;16]	[22]	1	158
[4]	[32]	1	157
[1;16]	[18]	2	154
[2;16]	[6]	2	154
[3;16]	[19]	2	153
[3]	[35]	1	153
[32]	[38]	2	152
[2;16]	[44]	2	151
[10]	[2]	2	151
[17]	[37]	2	150
[12;16]	[41]	2	149
[4]	[3]	2	149
[1;16]	[48]	1	148
[11;16]	[10]	2	144
[5;16]	[10]	2	144
[13]	[24]	2	143
[5]	[5]	1	143
[3]	[18]	2	140
[1;16]	[41]	1	140
[11;16]	[24]	2	139
[32]	[7]	2	136
[10]	[20]	2	134
[13]	[19]	2	134
[5]	[19]	1	133
[36]	[7]	2	132
[2]	[24]	1	131
[1;16]	[20]	2	129
[4]	[24]	2	129
[5;16]	[19]	2	128
[10;16]	[37]	2	128
[13]	[5]	2	127
[41]	[6]	2	125
[1;16]	[1]	1	124
[5]	[2]	1	124
[32]	[34]	1	123
[5]	[44]	1	123
[11]	[17]	2	119
[3;16]	[49]	2	119
[10;16]	[32]	2	119
[11]	[41]	2	119
[13]	[49]	2	118
[13]	[39]	2	118
[10;16]	[1]	2	116
[1;16]	[19]	1	115
[17]	[45]	1	114
[1;16]	[37]	1	114
[3;16]	[35]	2	114
[32]	[32]	1	114
[11]	[42]	2	113
[5]	[39]	1	113
[12;16]	[3]	2	113
[4]	[46]	1	112
[32]	[46]	1	111
[2;16]	[10]	2	111
[27]	[41]	1	110
[5;16]	[24]	2	110
[10]	[5]	2	110
[10;16]	[22]	2	108
[1]	[23]	2	107
[1;16]	[38]	2	105
[32]	[35]	2	103
[2]	[49]	1	103
[12;16]	[17]	2	103
[17]	[45]	2	103
[6]	[37]	1	103
[2]	[20]	2	101
[4]	[34]	1	100
[3]	[5]	1	99
[32]	[24]	1	99
[17]	[1]	2	99
[32]	[36]	1	98
[5;16]	[35]	2	97
[4]	[39]	2	97
[1;16]	[17]	1	96
[4]	[19]	2	96
[41]	[11]	2	96
[1]	[4]	2	95
[7]	[34]	1	95
[1;16]	[32]	1	93
[5;16]	[19]	1	93
[11;16]	[43]	2	93
[5]	[42]	1	92
[41]	[47]	2	92
[12;16]	[42]	2	92
[5;16]	[49]	2	92
[2]	[22]	1	92
[12]	[41]	1	92
[1]	[47]	2	91
[5]	[35]	1	91
[2;16]	[5]	2	90
[10;16]	[45]	2	90
[4]	[43]	1	90
[11]	[46]	2	90
[1;16]	[23]	2	89
[13]	[10]	2	88
[10;16]	[48]	2	88
[7]	[45]	1	88
[11;16]	[35]	2	87
[11]	[39]	2	86
[4]	[36]	1	85
[17]	[48]	2	85
[12;16]	[34]	2	84
[1;16]	[46]	1	83
[32]	[20]	2	83
[11]	[40]	2	83
[2]	[4]	1	81
[12;16]	[46]	2	81
[32]	[5]	1	80
[5]	[49]	1	78
[3]	[47]	2	78
[4]	[40]	1	76
[1]	[13]	1	76
[2]	[20]	1	75
[10]	[18]	2	75
[4]	[35]	1	74
[12;16]	[36]	2	73
[7]	[37]	1	73
[11;16]	[44]	2	72
[7]	[48]	1	72
[17]	[41]	1	71
[10]	[38]	2	71
[5;16]	[41]	1	71
[4]	[35]	2	70
[2]	[18]	2	70
[4]	[49]	2	70
[32]	[44]	1	70
[1;16]	[7]	2	70
[3]	[20]	1	69
[4]	[1]	2	69
[41]	[37]	1	68
[1]	[11]	1	68
[1]	[7]	2	67
[1]	[6]	2	67
[1]	[47]	1	67
[2]	[12]	1	67
[2;16]	[7]	2	67
[11]	[1]	2	67
[32]	[22]	1	66
[12]	[17]	1	66
[5]	[22]	1	66
[17]	[40]	2	66
[2]	[23]	2	65
[17]	[34]	2	65
[2;16]	[20]	2	65
[41]	[12]	2	65
[4]	[22]	1	64
[4]	[42]	1	64
[17]	[22]	2	64
[11]	[10]	2	63
[6]	[32]	1	62
[1;16]	[43]	1	62
[3]	[38]	2	62
[1;16]	[47]	2	62
[10;16]	[17]	2	62
[32]	[18]	2	61
[11]	[19]	2	60
[2;16]	[2]	2	60
[12;16]	[10]	2	60
[13]	[35]	2	60
[17]	[37]	1	59
[1;16]	[39]	1	59
[11]	[24]	2	59
[2]	[38]	2	58
[17]	[42]	1	58
[32]	[35]	1	58
[4]	[19]	1	57
[17]	[48]	1	57
[2;16]	[18]	2	56
[17]	[32]	2	56
[41]	[17]	1	56
[3;16]	[44]	2	56
[7]	[19]	1	56
[12;16]	[2]	2	56
[5;16]	[1]	1	55
[41]	[13]	2	54
[4]	[1]	1	54
[32]	[39]	1	54
[27]	[1]	1	53
[3]	[4]	1	53
[1;16]	[36]	1	52
[4]	[44]	2	52
[36]	[20]	2	52
[5;16]	[48]	1	51
[13]	[44]	2	51
[3]	[20]	2	50
[17]	[17]	2	50
[1]	[13]	2	50
[32]	[38]	1	50
[5;16]	[35]	1	50
[5;16]	[40]	1	49
[2]	[44]	1	49
[10]	[23]	2	48
[3]	[3]	1	48
[13]	[2]	2	48
[1;16]	[42]	1	48
[5]	[20]	1	47
[4]	[38]	1	47
[5]	[18]	2	47
[12;16]	[40]	2	47
[10;16]	[34]	2	47
[10;16]	[3]	2	47
[32]	[42]	1	46
[5;16]	[44]	2	46
[4;16]	[48]	2	46
[17]	[1]	1	46
[2]	[38]	1	46
[4;16]	[22]	2	46
[17]	[46]	2	45
[7]	[41]	1	45
[17]	[5]	2	44
[1;16]	[4]	2	44
[6]	[35]	1	44
[11]	[49]	2	44
[1]	[12]	2	43
[1;16]	[34]	1	41
[17]	[41]	2	41
[11;16]	[23]	2	41
[17]	[10]	2	40
[4]	[24]	1	40
[5]	[3]	1	40
[27]	[17]	1	40
[10;16]	[46]	2	40
[41]	[22]	1	39
[4]	[39]	1	39
[6]	[36]	1	39
[3]	[23]	2	39
[10]	[7]	2	39
[32]	[3]	1	39
[17]	[2]	2	38
[17]	[34]	1	38
[5;16]	[37]	1	38
[41]	[2]	1	38
[10;16]	[36]	2	37
[12;16]	[39]	2	37
[3]	[38]	1	36
[12;16]	[5]	2	36
[11;16]	[20]	2	36
[2]	[7]	2	36
[32]	[4]	2	36
[5;16]	[46]	1	36
[11]	[35]	2	36
[5]	[20]	2	35
[36]	[18]	2	35
[27]	[45]	1	35
[3]	[6]	2	35
[7]	[40]	1	35
[10;16]	[2]	2	35
[2;16]	[38]	2	34
[41]	[40]	1	34
[10;16]	[19]	2	33
[27]	[19]	1	33
[17]	[40]	1	33
[10;16]	[41]	2	32
[32]	[6]	2	32
[1;16]	[24]	1	32
[7]	[32]	1	32
[1]	[11]	2	32
[1;16]	[12]	2	32
[11]	[22]	2	32
[4;16]	[3]	2	32
[1;16]	[35]	1	31
[6]	[41]	1	31
[12;16]	[19]	2	31
[17]	[24]	2	31
[11]	[3]	2	31
[12]	[37]	1	31
[4;16]	[5]	2	31
[1;16]	[40]	1	30
[10;16]	[42]	2	30
[32]	[47]	2	30
[7]	[44]	1	30
[13]	[7]	1	30
[5;16]	[17]	1	29
[32]	[23]	2	29
[12;16]	[49]	2	29
[7]	[3]	1	29
[17]	[42]	2	29
[4;16]	[1]	2	28
[17]	[2]	1	28
[3]	[18]	1	28
[10;16]	[5]	2	28
[17]	[3]	2	28
[6]	[34]	1	28
[3]	[4]	2	28
[32]	[23]	1	28
[3]	[7]	2	28
[11]	[44]	2	28
[4;16]	[32]	2	28
[12]	[48]	2	28
[10]	[47]	2	27
[3]	[47]	1	27
[1;16]	[20]	1	27
[2]	[23]	1	27
[17]	[24]	1	27
[2]	[4]	2	27
[7]	[46]	1	27
[3;16]	[4]	2	26
[2;16]	[23]	2	26
[4;16]	[17]	2	26
[7]	[17]	1	26
[5;16]	[42]	1	26
[4]	[2]	1	25
[12;16]	[24]	2	25
[4;16]	[45]	2	25
[5]	[7]	2	25
[12]	[43]	1	25
[5]	[6]	1	25
[10;16]	[24]	2	25
[12]	[37]	2	25
[2]	[47]	2	24
[11;16]	[18]	2	24
[5;16]	[34]	1	24
[5]	[38]	2	24
[13]	[6]	2	24
[17]	[17]	1	23
[34]	[1]	1	23
[27]	[3]	2	23
[7]	[24]	1	23
[12;16]	[44]	2	22
[21]	[41]	1	22
[32]	[11]	2	22
[2]	[6]	1	21
[41]	[36]	1	21
[10;16]	[40]	2	21
[4;16]	[37]	2	20
[17]	[46]	1	20
[12]	[45]	1	20
[17]	[39]	2	20
[5;16]	[4]	2	20
[6]	[43]	1	20
[5;16]	[2]	1	20
[17]	[43]	2	20
[12]	[17]	2	20
[12]	[32]	2	20
[5]	[23]	2	19
[2;16]	[47]	2	19
[3]	[23]	1	19
[5]	[47]	2	19
[5]	[38]	1	19
[36]	[44]	2	19
[5;16]	[23]	2	19
[6]	[45]	1	19
[5;16]	[39]	1	18
[6]	[46]	1	18
[4]	[18]	1	18
[2]	[6]	2	17
[1;16]	[49]	1	17
[7]	[1]	1	17
[17]	[19]	2	16
[32]	[49]	1	16
[6;16]	[48]	2	16
[10;16]	[39]	2	16
[17]	[35]	2	16
[36]	[38]	2	16
[27]	[40]	1	16
[4;16]	[46]	2	16
[11;16]	[38]	2	16
[12]	[46]	2	16
[17]	[36]	2	15
[3]	[13]	2	15
[32]	[13]	2	15
[17]	[36]	1	15
[13]	[20]	2	15
[27]	[37]	1	15
[17]	[39]	1	15
[4]	[10]	2	15
[6]	[19]	1	15
[27]	[48]	2	15
[36]	[6]	2	15
[11]	[2]	2	15
[7]	[42]	1	15
[36]	[23]	2	14
[17]	[32]	1	14
[2]	[18]	1	14
[27]	[48]	1	14
[6;16]	[1]	2	14
[17]	[5]	1	14
[3;16]	[18]	2	14
[27]	[43]	1	14
[4]	[44]	1	14
[5;16]	[7]	2	14
[6;16]	[3]	2	14
[6;16]	[22]	2	14
[6;16]	[32]	2	14
[4;16]	[41]	2	14
[13]	[18]	2	14
[4;16]	[45]	1	14
[3;16]	[7]	2	14
[12;16]	[35]	2	14
[3;16]	[35]	1	14
[6]	[24]	1	14
[3]	[12]	1	13
[27]	[34]	1	13
[17]	[19]	1	13
[6]	[37]	2	13
[5]	[23]	1	13
[4]	[49]	1	13
[3]	[10]	1	13
[3;16]	[6]	2	13
[17]	[22]	1	13
[17]	[4]	1	13
[5;16]	[44]	1	13
[6]	[40]	1	13
[5;16]	[49]	1	13
[13]	[7]	2	13
[10;16]	[35]	2	13
[27]	[2]	1	12
[10;16]	[44]	2	12
[5;16]	[18]	2	12
[2]	[10]	1	12
[7]	[36]	1	12
[4;16]	[36]	2	12
[4]	[2]	2	12
[13]	[23]	2	12
[4;16]	[35]	2	12
[6;16]	[40]	2	12
[7]	[49]	1	11
[2]	[12]	2	11
[4;16]	[24]	2	11
[5;16]	[32]	1	11
[17]	[43]	1	11
[5;16]	[36]	1	11
[5;16]	[20]	2	11
[17]	[7]	2	11
[7]	[2]	1	11
[10;16]	[49]	2	11
[11;16]	[7]	2	11
[27]	[1]	2	11
[3]	[7]	1	10
[5;16]	[22]	1	10
[12]	[44]	1	10
[3;16]	[12]	2	10
[6]	[1]	1	10
[6]	[48]	1	10
[4;16]	[2]	2	10
[4;16]	[42]	2	10
[2;16]	[32]	1	10
[32]	[4]	1	10
[10]	[6]	2	10
[2]	[11]	2	10
[34]	[45]	1	10
[27]	[37]	2	10
[3;16]	[38]	2	10
[27]	[36]	2	10
[3;16]	[13]	2	9
[3;16]	[41]	1	9
[3;16]	[48]	1	9
[6;16]	[45]	2	9
[3;16]	[23]	2	9
[4;16]	[43]	2	9
[6;16]	[46]	2	9
[4]	[20]	2	9
[27]	[22]	1	9
[27]	[24]	1	9
[32]	[20]	1	9
[6]	[44]	1	9
[7]	[43]	1	9
[11]	[7]	2	9
[34]	[40]	1	9
[6]	[17]	2	9
[2;16]	[12]	2	9
[11;16]	[4]	2	9
[41]	[1]	1	9
[6]	[22]	2	9
[11]	[5]	2	9
[13;16]	[1]	2	9
[1;16]	[23]	1	8
[7]	[39]	1	8
[3]	[12]	2	8
[41]	[19]	1	8
[10;16]	[10]	2	8
[3;16]	[17]	1	8
[4;16]	[34]	2	8
[6;16]	[17]	2	8
[4]	[20]	1	8
[3;16]	[2]	1	8
[17]	[3]	1	8
[1]	[27]	1	8
[4]	[5]	1	8
[1]	[29]	1	8
[17]	[49]	2	8
[3;16]	[40]	1	8
[36]	[4]	2	8
[4;16]	[19]	2	8
[6]	[2]	1	8
[34]	[19]	1	8
[3;16]	[45]	1	7
[6;16]	[42]	2	7
[12;16]	[38]	2	7
[32]	[47]	1	7
[11;16]	[47]	2	7
[1;16]	[44]	1	7
[6]	[48]	2	7
[3]	[11]	2	7
[27]	[46]	2	7
[3;16]	[37]	1	7
[6]	[38]	1	7
[5;16]	[24]	1	7
[6;16]	[36]	2	7
[4]	[3]	1	7
[27]	[32]	2	7
[4]	[18]	2	7
[6]	[45]	2	7
[4;16]	[40]	2	7
[5;16]	[6]	2	7
[12]	[46]	1	7
[32]	[6]	1	7
[5]	[11]	2	7
[2]	[13]	2	7
[34]	[2]	1	7
[6]	[22]	1	6
[1;16]	[43]	2	6
[6]	[40]	2	6
[41]	[27]	2	6
[1;16]	[38]	1	6
[6]	[32]	2	6
[11;16]	[6]	2	6
[5]	[6]	2	6
[2]	[13]	1	6
[3;16]	[42]	1	6
[12]	[32]	1	6
[32]	[12]	2	6
[27]	[40]	2	6
[17]	[35]	1	6
[3;16]	[19]	1	6
[32]	[7]	1	6
[10]	[4]	2	6
[6]	[41]	2	6
[3;16]	[20]	2	6
[12;16]	[23]	2	6
[6]	[24]	2	6
[6;16]	[5]	2	6
[6]	[34]	2	6
[4;16]	[49]	2	6
[10;16]	[23]	2	6
[12;16]	[4]	2	6
[27]	[23]	1	5
[13]	[38]	2	5
[3]	[6]	1	5
[27]	[32]	1	5
[3;16]	[47]	2	5
[36]	[12]	2	5
[1;16]	[11]	2	5
[12;16]	[11]	2	5
[41]	[29]	2	5
[10;16]	[38]	2	5
[3;16]	[34]	1	5
[6]	[3]	2	5
[36]	[1]	1	5
[36]	[47]	2	5
[34]	[34]	1	5
[6]	[36]	2	5
[6;16]	[19]	1	5
[27]	[3]	1	5
[2;16]	[4]	2	5
[11]	[23]	2	5
[4;16]	[10]	2	5
[41]	[41]	1	5
[4;16]	[7]	2	5
[37]	[48]	1	5
[1;16]	[18]	1	4
[4]	[12]	1	4
[5]	[12]	1	4
[3;16]	[32]	1	4
[5]	[13]	1	4
[6]	[39]	1	4
[5]	[18]	1	4
[12]	[24]	1	4
[11;16]	[13]	2	4
[12;16]	[7]	2	4
[10]	[12]	2	4
[5;16]	[12]	2	4
[32]	[11]	1	4
[11]	[47]	2	4
[17]	[44]	1	4
[3;16]	[11]	2	4
[12;16]	[18]	2	4
[12;16]	[20]	2	4
[6;16]	[39]	2	4
[1]	[25]	1	4
[6]	[17]	1	4
[2]	[11]	1	4
[1;16]	[13]	2	4
[36]	[13]	2	4
[4]	[6]	1	4
[27]	[42]	2	4
[41]	[39]	1	4
[5;16]	[11]	2	4
[5]	[4]	1	4
[27]	[45]	2	4
[27]	[39]	2	4
[5]	[10]	1	4
[5;16]	[47]	2	4
[6;16]	[34]	2	4
[6;16]	[24]	1	4
[34]	[43]	1	4
[6;16]	[45]	1	4
[10;16]	[6]	2	3
[17]	[4]	2	3
[17]	[23]	1	3
[17]	[49]	1	3
[34]	[5]	1	3
[6]	[46]	2	3
[1;16]	[25]	2	3
[6;16]	[41]	2	3
[12]	[48]	1	3
[21]	[17]	1	3
[6;16]	[37]	2	3
[27]	[35]	1	3
[37]	[35]	1	3
[13]	[47]	2	3
[17]	[6]	2	3
[41]	[34]	1	3
[4]	[4]	2	3
[41]	[25]	2	3
[6;16]	[2]	2	3
[5;16]	[5]	1	3
[3;16]	[1]	1	3
[6]	[49]	2	3
[4]	[38]	2	3
[32]	[12]	1	3
[36]	[11]	2	3
[4]	[23]	2	3
[6]	[42]	2	3
[2;16]	[25]	2	3
[4;16]	[23]	2	3
[27]	[17]	2	3
[2;16]	[29]	2	3
[11]	[38]	2	3
[1]	[29]	2	3
[12]	[19]	1	3
[3;16]	[36]	1	3
[1;16]	[29]	2	3
[4;16]	[6]	2	3
[2;16]	[11]	2	3
[5]	[47]	1	3
[11]	[18]	2	3
[32]	[18]	1	3
[13;16]	[37]	2	3
[3;16]	[43]	1	3
[13;16]	[22]	2	3
[32]	[10]	1	2
[41]	[48]	1	2
[3;16]	[46]	1	2
[17]	[38]	2	2
[12;16]	[47]	2	2
[27]	[39]	1	2
[17]	[38]	1	2
[17]	[23]	2	2
[27]	[41]	2	2
[6]	[6]	1	2
[32]	[13]	1	2
[17]	[44]	2	2
[5;16]	[3]	1	2
[5]	[13]	2	2
[46]	[46]	1	2
[12]	[34]	1	2
[21]	[19]	1	2
[27]	[20]	1	2
[27]	[44]	1	2
[10;16]	[47]	2	2
[6]	[44]	2	2
[27]	[7]	1	2
[2;16]	[48]	1	2
[2;16]	[24]	1	2
[41]	[24]	1	2
[12]	[22]	2	2
[4]	[47]	1	2
[4;16]	[38]	2	2
[27]	[22]	2	2
[10;16]	[13]	2	2
[17]	[18]	2	2
[7]	[22]	2	2
[27]	[24]	2	2
[5]	[4]	2	2
[11]	[20]	2	2
[37]	[34]	1	2
[10]	[13]	2	2
[6;16]	[18]	2	2
[10;16]	[20]	2	2
[3]	[27]	1	2
[4]	[12]	2	2
[4]	[7]	2	2
[1]	[25]	2	2
[11;16]	[12]	2	2
[4;16]	[44]	2	2
[7]	[20]	1	2
[10;16]	[7]	2	2
[13]	[45]	1	2
[3;16]	[24]	1	2
[6;16]	[10]	2	2
[37]	[24]	1	2
[6;16]	[24]	2	2
[6]	[39]	2	2
[6]	[1]	2	2
[12]	[3]	2	2
[13;16]	[48]	2	2
[5;16]	[7]	1	2
[27]	[10]	2	2
[4;16]	[39]	2	2
[13;16]	[45]	2	2
[13;16]	[5]	2	2
[27]	[34]	2	1
[27]	[43]	2	1
[17]	[20]	1	1
[3;16]	[44]	1	1
[3;16]	[43]	2	1
[7]	[5]	1	1
[12]	[20]	1	1
[17]	[13]	2	1
[17]	[13]	1	1
[14;16]	[32]	1	1
[27]	[49]	2	1
[4;16]	[4]	2	1
[4]	[25]	1	1
[46]	[42]	1	1
[3]	[11]	1	1
[13]	[3]	1	1
[12;16]	[43]	2	1
[2;16]	[35]	1	1
[34]	[3]	1	1
[17]	[18]	1	1
[5;16]	[43]	2	1
[12]	[35]	1	1
[7]	[22]	1	1
[1]	[27]	2	1
[5]	[7]	1	1
[27]	[10]	1	1
[27]	[36]	1	1
[10]	[11]	2	1
[10;16]	[12]	2	1
[27]	[2]	2	1
[10;16]	[43]	2	1
[5;16]	[38]	2	1
[7]	[47]	1	1
[13]	[13]	2	1
[27]	[5]	2	1
[3;16]	[22]	1	1
[13]	[2]	1	1
[5]	[25]	2	1
[34]	[39]	1	1
[6]	[35]	2	1
[6;16]	[20]	2	1
[7]	[10]	1	1
[4]	[6]	2	1
[27]	[35]	2	1
[7]	[46]	2	1
[12]	[38]	2	1
[5]	[27]	2	1
[27]	[6]	1	1
[6]	[42]	1	1
[12;16]	[13]	2	1
[13]	[12]	2	1
[6]	[18]	1	1
[12]	[1]	2	1
[5;16]	[23]	1	1
[5;16]	[20]	1	1
[4]	[29]	1	1
[36]	[27]	2	1
[37]	[1]	1	1
[27]	[44]	2	1
[6;16]	[12]	2	1
[27]	[42]	1	1
[5]	[28]	2	1
[4]	[27]	1	1
[32]	[25]	2	1
[7]	[35]	1	1
[11;16]	[29]	2	1
[37]	[23]	2	1
[37]	[23]	1	1
[2]	[27]	2	1
[13]	[43]	1	1
[37]	[44]	1	1
[2;16]	[27]	2	1
[6]	[6]	2	1
[37]	[3]	2	1
[13]	[4]	2	1
[4]	[4]	1	1
[4;16]	[12]	2	1
[3]	[13]	1	1
[3]	[27]	2	1
[6;16]	[49]	2	1
[2;16]	[13]	2	1
[6;16]	[47]	2	1
[11]	[6]	2	1
[13]	[48]	1	1
[21]	[36]	1	1
[3;16]	[23]	1	1
[5;16]	[47]	1	1
[5]	[12]	2	1
[6;16]	[35]	2	1
[2]	[47]	1	1
[17]	[47]	1	1
[6]	[2]	2	1
[41]	[42]	1	1
[7]	[48]	2	1
[41]	[45]	1	1
[4]	[25]	2	1
[34]	[6]	1	1
[10]	[25]	2	1
[11]	[4]	2	1
[10;16]	[18]	2	1
[5;16]	[13]	1	1
[11]	[13]	2	1
[11]	[31]	2	1
[10;16]	[11]	2	1
[5;16]	[18]	1	1
[34]	[10]	1	1
[7]	[23]	1	1
[13]	[29]	2	1
[10]	[45]	1	1
[2]	[29]	2	1
[13;16]	[41]	2	1
[34]	[35]	1	1
[11]	[12]	2	1
[13;16]	[35]	2	1
[13;16]	[42]	2	1
[12;16]	[6]	2	1
[13;16]	[34]	2	1
[5;16]	[43]	1	1
[10]	[29]	2	1
[13]	[11]	2	1